,rms_angle_error,rms_angle_error_rad,rms_rate_error,rms_human_torque,rms_robot_torque,rms_human_power,rms_robot_power,human_angle_cost,robot_angle_cost,human_angle_gain,robot_angle_gain,system_angle_cost,system_angle_gain,authority,condition,condition_number,repetition,cost_variability,rms_estimated_human_torque,settings,participant,conflict
0,6.467708700128319,0.11288281187712178,0.5437676848645806,0.3886582459643419,0.25143551831186717,0.18787089551294878,0.25608831185068404,6.2250112578439,6.465402055038145,1.4132989424490225,1.495806022259793,12.690692123126315,2.9091129296014757,-0.3067217621366839,Positive Reinforcement,1,0,0.0,0.1452320839391132,Good Visuals,0,0.49234364124490404
1,7.2122063698446635,0.12587674748709726,0.5133337045149192,0.3312004850381243,0.23498389465453312,0.17389147173702219,0.2627900835571056,2.844788491376545,3.084564398664372,0.934590402156502,1.0551101461424313,5.93078203361522,1.9894774431279503,-0.37255999644100796,Positive Reinforcement,1,1,2.856476487736055,0.12520400600203155,Good Visuals,0,0.44511672465083446
2,7.605084038088236,0.13273375635550558,0.624448098418631,0.5034456665691638,0.0,0.5009092060348532,0.0,7.486053507149839,0.0,2.7360653331288995,0.0,7.486053507149839,2.7360653331288995,1.0,Manual Control,0,2,3.8397193835688745,0.3588154560716391,Good Visuals,0,0.0
3,7.71088790222704,0.13458038214606047,0.6064739793034588,0.469516928953478,0.0,0.46848043036283415,0.0,6.186974159621072,0.0,2.4873628926276665,0.0,6.186974159621072,2.4873628926276665,1.0,Manual Control,0,3,2.963545841572248,0.3289291698494016,Good Visuals,0,0.0
4,6.456062782103866,0.11267955226317772,0.5268424271581983,0.38467665365817005,0.24758454519426545,0.19022888730486007,0.25348385984227906,5.687442292853047,5.927175060534678,1.3484888223951537,1.4347250053079046,11.616061726787867,2.783297636965572,-0.3293772765300018,Positive Reinforcement,1,2,2.3708371551374814,0.14069732788695036,Good Visuals,0,0.48928766714718896
5,6.399833627232337,0.1116981683750557,0.5159882205692168,0.38865636941007914,0.24547110673533468,0.200554043223174,0.27867994462107853,5.9036091995614886,6.143609199561489,1.3752349596044957,1.459484514752527,12.050310354920455,2.8344076491888575,-0.28825683040886035,Positive Reinforcement,1,3,1.982271280696958,0.14639377028771572,Good Visuals,0,0.45757893161753704
6,5.65887073650089,0.09876592629669699,0.4701959224242806,0.3594146227284203,0.3470255284052504,0.10576506933103698,0.37027024435858635,2.6695288826660346,9.330471117333966,0.46734822434320833,2.622760334550036,11.998943144354254,3.0901637464514806,-0.8278321335528666,Negative Reinforcement,2,0,2.8402519293446042,0.08125302313494465,Good Visuals,0,0.5309
7,4.932421519777185,0.08608699561633447,0.40071333611490534,0.36208455501535125,0.4671563414068997,0.09779930321534547,0.5442018566614777,-5.819525448167759,12.0,-0.7433725828814955,4.28632481090883,6.180474551832241,3.5429135715282922,-1.2629135053218843,Negative Reinforcement,2,1,15.975222581326328,0.07708263162167359,Good Visuals,0,0.6551341537220092
8,4.904953185159083,0.08560758273720905,0.4054151387120525,0.349945796006945,0.42504349064956753,0.06358769219431162,0.4739432838413049,-2.0920078607384935,12.0,-0.2889735934134376,3.7650403558158527,9.907992139261506,3.476582302415701,-1.0704222138497663,Negative Reinforcement,2,2,17.74390332959308,0.05476280721060114,Good Visuals,0,0.5952093397745571
9,5.341885410533594,0.09323348867806021,0.4690255262276419,0.3732590385968181,0.3896018137134884,0.06523478751438955,0.4437402454181689,0.7686737322991125,11.231326267700888,0.116822497112451,3.236530118335626,11.993954892931448,3.353353076184054,-0.9709454036742738,Negative Reinforcement,2,3,16.51582176269026,0.045646816898725844,Good Visuals,0,0.5823520569223831
10,7.565905159156545,0.13204995592090732,0.6268451687625507,0.5432061382869209,0.0,0.5159609105921206,0.0,8.526775627424605,0.0,2.9200643186243154,0.0,8.526775627424605,2.9200643186243154,1.0,Manual Control,0,0,17.551539375156345,0.3701508338296288,Good Visuals,0,0.0
11,7.712949929364893,0.13461637130888146,0.5891268509998289,0.4852834196182388,0.0,0.4944486141495141,0.0,6.8179811207035215,0.0,2.6111264081937193,0.0,6.8179811207035215,2.6111264081937193,1.0,Manual Control,0,1,16.935076752197208,0.3475998788105992,Good Visuals,0,0.0
12,8.761066408881858,0.15290945482086418,0.7181265048919493,0.5271486772678999,0.0,0.5058485745209321,0.0,5.702518152005632,0.0,2.387994587934745,0.0,5.702518152005632,2.387994587934745,1.0,Manual Control,0,0,15.89835318418948,0.36634756126100787,Good Visuals,1,0.0
13,11.294551482486916,0.19712711090540333,0.7402393990350107,0.5030087602145771,0.0,0.420974780606192,0.0,2.44095091014354,0.0,1.562354284451366,0.0,2.44095091014354,1.562354284451366,1.0,Manual Control,0,1,14.907065129198545,0.32142021481128963,Good Visuals,1,0.0
14,3.9487770688315935,0.06891916127836206,0.3254945576858726,0.4207379061535257,0.6506666795777457,0.2876928916945612,0.7614999624434888,-54.70066062335602,12.0,-3.8500162304585155,9.029046392329096,-42.70066062335602,5.1790022541209355,-1.8585178914767022,Negative Reinforcement,2,2,226.9354405455116,0.22355981751431017,Good Visuals,1,0.8067972114004511
15,4.3498794143025465,0.07591971784430196,0.36465965685914187,0.404693095506837,0.6006877195083407,0.23575038976940893,0.7205308675292145,-26.18774273975351,12.0,-2.412668949273303,6.634096570028372,-14.18774273975351,4.22128618128191,-1.6286827935942336,Negative Reinforcement,2,3,252.6593355503315,0.1830352190109621,Good Visuals,1,0.7723335554302702
16,10.160289483941286,0.17733050445053095,0.726739850083561,0.4920434900404339,0.0,0.41227054863297125,0.0,3.3309666939463174,0.0,1.8250936122006003,0.0,3.3309666939463174,1.8250936122006003,1.0,Manual Control,0,2,239.21015162883884,0.31727746130899853,Good Visuals,1,0.0
17,10.29726959059833,0.17972125832142938,0.7394681484662925,0.5123336282418479,0.0,0.49344204837529365,0.0,3.2169108416524557,0.0,1.7935748776249891,0.0,3.2169108416524557,1.7935748776249891,1.0,Manual Control,0,3,227.05080079469354,0.34975827395648246,Good Visuals,1,0.0
18,8.227363123401275,0.1435945752605168,0.6004552352007648,0.3796313676239044,0.23252104830815873,0.1565044947000764,0.23182376545542097,2.3822218402919555,2.6219199343410957,0.8485611073589959,0.979719696577858,5.005550456657554,1.828159971318466,-0.4133863510574734,Positive Reinforcement,1,0,215.72858256267835,0.1154495912167462,Good Visuals,1,0.49786120477077145
19,7.905154317688696,0.13797097072191356,0.6171698217235858,0.4166045696313703,0.24775060590817366,0.1975876890531647,0.2613364718755588,2.6722729918197583,2.912204122300439,0.903370101869382,1.0275498068982225,5.585646374923627,1.9308036633694103,-0.36646901212000116,Positive Reinforcement,1,1,205.57556940711385,0.13262766633541756,Good Visuals,1,0.4785703468120551
20,6.553871391430025,0.11438663453271602,0.5757776820153568,0.41420877625371216,0.2618195680257917,0.19923658242313896,0.27799117322419054,5.709519645541299,5.949519645541299,1.3512871406227869,1.4372790362134267,11.660045333231265,2.788489994411728,-0.30483924812880747,Positive Reinforcement,1,2,197.7061211205708,0.15071389533347979,Good Visuals,1,0.48349818328623334
21,7.368816928287928,0.12861011737531922,0.5503582162028083,0.3682414574546336,0.24220030528118164,0.1800398046072556,0.2659610835893572,3.3878359779879483,3.627835977987949,1.026215224080975,1.1372916433773117,7.015031998017573,2.1636622412454374,-0.3718683778543087,Positive Reinforcement,1,3,189.37094029491706,0.13060247166279176,Good Visuals,1,0.47674948135404543
22,4.780897576368922,0.08344240390825473,0.41553651093509586,0.6444797520904502,0.7896688804228431,0.3040694678915248,0.7758692953804462,-55.184772007094935,12.0,-3.870663415109737,9.064589033085708,-43.184772007094935,5.194067809348576,-1.8549962459622227,Negative Reinforcement,2,0,306.36447052123384,0.2828400335949337,Good Visuals,1,0.7889200919070717
23,4.641281024593938,0.08100563538950012,0.40027986246668007,0.47765778123872243,0.6465312574117322,0.2365375258573298,0.7174660259480836,-18.86201601988362,12.0,-1.917869176911443,5.877401799597145,-6.862016019883619,3.959571330807858,-1.6143219624041951,Negative Reinforcement,2,1,304.0338027037382,0.2029550262579748,Good Visuals,1,0.7770266810057869
24,6.168100279412505,0.10765365846893042,0.6168087282149568,0.5153999779017372,0.27417726792310854,0.25439173616355926,0.30479142938973425,9.18859988612574,9.42847012497916,1.7275508659767087,1.7956223120454653,18.61902431003795,3.5232002166371745,-0.2531189549474308,Positive Reinforcement,1,0,297.92910718215734,0.17571469584345967,Good Visuals,2,0.5165752804467025
25,8.157249300930186,0.1423708582072375,0.630083579809795,0.45478501901901414,0.25827111994637353,0.19986512073985876,0.302430294442964,4.508578411482556,4.748578411482557,1.1937599189793402,1.2904549394883151,9.253061831405715,2.484303319066787,-0.3331959030494031,Positive Reinforcement,1,1,288.48260238015325,0.14454516336892084,Good Visuals,2,0.5023108610469206
26,7.2619590596377055,0.12674509573570922,0.7126266085037123,0.5870875614682329,0.0,0.6169801629168135,0.0,11.296930434725589,0.0,3.3610906614851004,0.0,11.296930434725589,3.3610906614851004,1.0,Manual Control,0,2,284.6702686458857,0.42103991196868,Good Visuals,2,0.0
27,7.3793945496044255,0.12879473169432126,0.7446984860640316,0.6671650315779231,0.0,0.6806940510966127,0.0,14.669946994731465,0.0,3.830136680946447,0.0,14.669946994731465,3.830136680946447,1.0,Manual Control,0,3,284.15421783365116,0.45295988491025746,Good Visuals,2,0.0
28,6.733596579433099,0.11752343081213547,0.6262156310072268,0.4721512900279928,0.27938446644440157,0.2567519880318496,0.3065617538195905,8.04274885808799,8.282377824706513,1.6134221621046188,1.6861094520402624,16.32719330046948,3.2994839968835663,-0.2632310849871572,Positive Reinforcement,1,2,277.37003995336175,0.1756636183025579,Good Visuals,2,0.5108282193031394
29,6.11859449583479,0.10678961954671957,0.5889491540838347,0.47532958856732455,0.27673647183871314,0.2695980837172251,0.31879426103419123,9.977132937962711,10.216617008109846,1.8021299756201605,1.867415508616375,20.195343368928537,3.6694257810837585,-0.23661776910539128,Positive Reinforcement,1,3,272.1096994481613,0.18048627145758372,Good Visuals,2,0.5178319564779368
30,5.827600805519194,0.10171082154818366,0.4829054457541004,0.3664609791432294,0.2644731600318194,0.24069966972780013,0.28252459851587813,5.025035709938608,6.975100745596732,1.086520296149912,1.7694100576980278,11.999979363326243,2.9335850408537176,-0.468374776822201,Negative Reinforcement,2,0,264.38156597960136,0.16548910475982836,Good Visuals,2,0.4649533887629126
31,6.213662122024471,0.10844886263578468,0.5553548226255963,0.4319880849874949,0.20433498145106854,0.32477376069256636,0.22772523141217796,7.782236351408379,4.21781295180482,2.0690476175453933,0.846227045733936,12.000013782222847,2.9404953337492614,0.0609950656145727,Negative Reinforcement,2,1,258.2398030387611,0.22900876398954628,Good Visuals,2,0.44110842888754775
32,6.489081708373775,0.11325584124206087,0.6204150550340162,0.48522825179936285,0.23525954661862228,0.3848580584724976,0.2568364645174232,7.8145076939179585,4.18537117393725,2.080823000992826,0.8370505487424003,12.000106109795915,3.0402862711940672,-0.06450960343657404,Negative Reinforcement,2,2,252.3610736097112,0.2627865515371456,Good Visuals,2,0.4910949200566687
33,6.2856225755835045,0.10970480948161829,0.5112238885403252,0.3700748130559097,0.31444164911560585,0.18086072863142577,0.37297961025682974,4.1790134374250885,7.820986562574911,0.8353057885447858,2.0832411389016294,11.999991701223,2.9189488347482957,-0.5831243031589015,Negative Reinforcement,2,3,245.45606863718962,0.12143729696844024,Good Visuals,2,0.49894195888754533
34,7.418358943034671,0.12947478865072148,0.6865190810880203,0.6266627615179677,0.0,0.5953445667000078,0.0,9.765734463457685,0.0,3.1250175141041505,0.0,9.765734463457685,3.1250175141041505,1.0,Manual Control,0,0,241.06461229395796,0.40627852223551764,Good Visuals,2,0.0
35,7.198170130659782,0.12563176889872363,0.6709906815059338,0.5686463712152527,0.0,0.564213654275317,0.0,9.535359138694432,0.0,3.087937683682613,0.0,9.535359138694432,3.087937683682613,1.0,Manual Control,0,1,236.65948556554642,0.39292548698460755,Good Visuals,2,0.0
36,8.882234304839113,0.15502423355303224,0.7352624175917047,0.613275179530837,0.0,0.6447760256427473,0.0,7.891493093769345,0.0,2.8091801460345547,0.0,7.891493093769345,2.8091801460345547,1.0,Manual Control,0,0,231.6688389326716,0.43163458751997574,Good Visuals,3,0.0
37,9.122770767944631,0.1592223868053254,0.6732873604515421,0.5891309391303011,0.0,0.6039318007581608,0.0,6.000449466495628,0.0,2.4495814866289303,0.0,6.000449466495628,2.4495814866289303,1.0,Manual Control,0,1,226.27110554185856,0.39931631351966773,Good Visuals,3,0.0
38,4.748682941104478,0.08288015245556113,0.3513212930520654,0.2747875297971537,0.5097237369309054,0.16223361033653452,0.6214353025938532,-12.293788761876787,12.0,-1.3887455364921708,5.120851398511192,-0.2937887618767867,3.7320454699163985,-1.4733426392854134,Negative Reinforcement,2,2,224.82858321002496,0.11758331526105145,Good Visuals,3,0.7240748709122203
39,4.831705805912626,0.08432917480090141,0.3537606983908734,0.2563180118028798,0.49172215864659374,0.14784082323988737,0.6475862577127809,-9.60543272230579,12.0,-1.1391514486530592,4.785769995749632,2.3945672776942093,3.646644814402687,-1.436300350148212,Negative Reinforcement,2,3,221.73504313069165,0.10003743826422389,Good Visuals,3,0.6800595238095238
40,9.56254824314751,0.16689795172372335,0.720031209907845,0.5025505028463109,0.0,0.546628139074131,0.0,5.418727460994172,0.0,2.3278160279146833,0.0,5.418727460994172,2.3278160279146833,1.0,Manual Control,0,2,216.94492273439005,0.38163439454402837,Good Visuals,3,0.0
41,9.702943419533769,0.16934830980558174,0.706657283781934,0.5292670463552498,0.0,0.5553553559275096,0.0,4.985598898475791,0.0,2.2328454711829684,0.0,4.985598898475791,2.2328454711829684,1.0,Manual Control,0,3,212.2584240643961,0.37677067425205096,Good Visuals,3,0.0
42,8.573636901693066,0.14963819280502935,0.5993528865211463,0.3206992465679251,0.24655943273512565,0.21722283419605987,0.2648720151042493,4.148157456983822,4.388157456983822,1.1428218995247938,1.2433577158169848,8.536726734458053,2.386192989788043,-0.2937336942444443,Positive Reinforcement,1,0,207.6155034851632,0.14954158737634565,Good Visuals,3,0.43482187656798793
43,9.703695993233081,0.16936144469449865,0.6137278997178597,0.26932959067439555,0.24157269828039285,0.17290359202758476,0.26410150732446463,2.0759129263421388,2.315561603296949,0.7865922146515454,0.9265901872793214,4.3927262781429635,1.7131402881120328,-0.36868957166319644,Positive Reinforcement,1,1,202.94287674842315,0.12810353611206857,Good Visuals,3,0.4184390048154093
44,8.439718095336609,0.1473008687037685,0.5781420235553574,0.30267550307078317,0.24613456740314746,0.22001727666779808,0.2634071255904877,3.4583959161485747,3.6985285408302575,1.0377085255491265,1.1475851792456906,7.156858289022867,2.185328096432121,-0.30020670760425894,Positive Reinforcement,1,2,198.6018657757889,0.14740156403106014,Good Visuals,3,0.40657907933005716
45,8.12951837925413,0.14188686231937767,0.5651468673995027,0.3162813053449762,0.25038355460657,0.2225547342296889,0.296608769379682,4.135903405700655,4.375903405700655,1.141241207912853,1.2418712482036058,8.513105834859232,2.383030444564365,-0.27916549481511765,Positive Reinforcement,1,3,194.53071559741397,0.15351694073611377,Good Visuals,3,0.42938931297709926
46,5.123368101454481,0.08941964216203158,0.38643638734083996,0.26679596507740844,0.4857129687904348,0.1263572636758818,0.6045796953541438,-7.804749858917235,12.0,-0.9579258431305948,4.552003425124392,4.195250141082765,3.5941603265500044,-1.3061881379874696,Negative Reinforcement,2,0,191.93605327421616,0.08692726726920383,Good Visuals,3,0.6907452657299938
47,4.201942826969187,0.07333773731117069,0.30119554027934214,0.29848684912196616,0.5505407320769002,0.22345879567057642,0.6952435778367603,-26.59884967617325,12.0,-2.4382095643107013,6.673831407308153,-14.598849676173248,4.235789375669142,-1.7325233066889638,Negative Reinforcement,2,1,203.05454513638406,0.16400451544977124,Good Visuals,3,0.761518882135993
48,6.125528962833746,0.10691064882772223,0.6422931510153577,0.5472816811085187,0.29021564812086004,0.2417680356423399,0.3760755222981235,9.287399355842654,9.527399355842654,1.7370362817874805,1.804807927656919,18.814815790700614,3.5418547479128355,-0.28326000738047813,Positive Reinforcement,1,0,200.6140631564632,0.17442916851648615,Good Visuals,4,0.5323135183616523
49,5.70112121906882,0.09950333632806382,0.6159539115238597,0.5350437671100926,0.2878979300806719,0.23707502461228366,0.33790553437648546,9.73473837051124,9.97414352356263,1.7792570678729656,1.8453166864519503,19.705926137905564,3.624712634262293,-0.2850541076209437,Positive Reinforcement,1,1,198.36691299771667,0.1735502159617716,Good Visuals,4,0.5170553863057484
50,5.4430857663135255,0.09499976809060967,0.5648876337758929,0.5759927123817432,0.0,0.5616500195472947,0.0,17.78782844540271,0.0,4.217561907714303,0.0,17.78782844540271,4.217561907714303,1.0,Manual Control,0,2,200.2661467765321,0.39508589468559674,Good Visuals,4,0.0
51,5.637582165742819,0.09839437064392487,0.570287400376469,0.586211563900418,0.0,0.5505548872418418,0.0,15.270513749428249,0.0,3.907750471745637,0.0,15.270513749428249,3.907750471745637,1.0,Manual Control,0,3,200.37797908062402,0.38640326840063854,Good Visuals,4,0.0
52,5.6147334954606976,0.09799558611779928,0.6161556703184092,0.5541384998061717,0.28717055090690036,0.24286389191790533,0.3665885234352779,10.961430897279655,11.201109120542391,1.8908520317332629,1.9533064214008222,22.16335221505358,3.8442885588693394,-0.2884581720056997,Positive Reinforcement,1,2,198.4144579416054,0.17305196105441953,Good Visuals,4,0.5436063936063936
53,5.8540704653139155,0.10217280426348434,0.5769851540616237,0.5089243171064992,0.27748347424511544,0.2344670798529261,0.3434199532072638,9.564135810076737,9.804529487220783,1.763268515203522,1.830173401447558,19.365785048801953,3.593473541870102,-0.26489033814280555,Positive Reinforcement,1,3,195.99933713688606,0.1706895682000025,Good Visuals,4,0.5220599232264819
54,5.619062207569456,0.09807113639646806,0.5679150568265582,0.5172696102917533,0.18298618363663477,0.3935994936229718,0.20251130758459834,10.336801411771562,1.6633501774181632,2.957051115574575,0.2691075110143625,12.001801961283485,3.2615726546619253,0.22554416871097047,Negative Reinforcement,2,0,193.86310005803188,0.28405640599783155,Good Visuals,4,0.4787525531808898
55,6.189693871849227,0.10803053775428496,0.6008264121764025,0.8964480452218769,1.0358462834366071,0.509444195856798,1.2117988459560394,-55.01134579925258,12.0,-3.862936542552164,9.051598954946687,-43.01134579925258,5.188551304707028,-1.7071591454349533,Negative Reinforcement,2,1,246.52399594298623,0.3742485012420413,Good Visuals,4,0.8102814561200342
56,5.927863086310493,0.10346072846355091,0.6216151834566355,0.8056699302164597,0.8922395321029548,0.4291756105492119,1.0803937596434456,-18.499934510632634,12.0,-1.8912419299470429,5.837517368571435,-6.4999345106326345,3.9459876489213483,-1.538534878749675,Negative Reinforcement,2,2,248.45213706171626,0.30195963835671835,Good Visuals,4,0.759501337505678
57,5.604097911147685,0.09780996015366374,0.586443860750014,0.5232376068275918,0.17237145882535793,0.43829697689246905,0.1847661208277109,11.009616122979306,0.9913097587288187,3.168595846345138,0.15273576518250265,12.004462778934853,3.33991623652337,0.4157045760908825,Negative Reinforcement,2,3,246.14359296124107,0.31029974209936967,Good Visuals,4,0.4898449224612306
58,5.3598199833487525,0.09354650602362338,0.5332185729543587,0.5672065868298151,0.0,0.5253189671666864,0.0,17.079920760064105,0.0,4.132786077220076,0.0,17.079920760064105,4.132786077220076,1.0,Manual Control,0,0,246.60779021990137,0.3759153442950183,Good Visuals,4,0.0
59,5.473048150755338,0.09552271035086762,0.5736598182633067,0.5682105430844935,0.0,0.5342352970105583,0.0,16.783579871214418,0.0,4.09677676609483,0.0,16.783579871214418,4.09677676609483,1.0,Manual Control,0,1,246.7467112066046,0.37725387025649165,Good Visuals,4,0.0
60,6.46524046031062,0.11283973296557409,0.7231206890896336,0.7054226359400639,0.0,0.6471426231026589,0.0,16.177464163605357,0.0,4.02212184828891,0.0,16.177464163605357,4.02212184828891,1.0,Manual Control,0,0,246.44048016305464,0.44746033949686664,Good Visuals,5,0.0
61,7.241614564108482,0.12639001730406701,0.7438348085620301,0.6784389260724015,0.0,0.6471697711873803,0.0,13.07620967233917,0.0,3.616104212040794,0.0,13.07620967233917,3.616104212040794,1.0,Manual Control,0,1,244.703893227825,0.45016640785436124,Good Visuals,5,0.0
62,4.811960747352837,0.08398455851803403,0.5515255051532041,0.5043791626564752,0.26452627781659466,0.2107931658239196,0.27395474473475917,13.259723815068858,13.499295857247304,2.083639949106176,2.1403949807598117,26.76043274328341,4.223997821909869,-0.2527536680136069,Positive Reinforcement,1,2,243.02002725610117,0.16648364737933974,Good Visuals,5,0.5442746178902531
63,5.4954706906842805,0.09591405749928757,0.5414221622488452,0.46113652195099875,0.26168411657541485,0.2228343828995427,0.29462372554794153,10.761010236723255,11.001010236723257,1.8731270229002803,1.936108131680819,21.76440939507949,3.809257694897599,-0.22724466063702584,Positive Reinforcement,1,3,240.51935571991038,0.16887374972723787,Good Visuals,5,0.49476755886496276
64,7.337338472563087,0.1280607146794775,0.7054583115761399,0.6360365490916038,0.0,0.5596804225645391,0.0,9.034703381214888,0.0,3.0057783320156672,0.0,9.034703381214888,3.0057783320156672,1.0,Manual Control,0,2,237.62881901233456,0.4015228131717997,Good Visuals,5,0.0
65,7.6630254542186425,0.1337450248402493,0.7217780422438947,0.6429211028063746,0.0,0.6236666796624121,0.0,11.78879534811161,0.0,3.4334815199898205,0.0,11.78879534811161,3.4334815199898205,1.0,Manual Control,0,3,235.50659227530292,0.43008274954770354,Good Visuals,5,0.0
66,5.980469487616301,0.1043788833739627,0.626357357737069,0.5392433173797627,0.1797935221399615,0.3975388362401852,0.1897602608160442,9.279117604617031,2.720048463159131,2.6053489940109364,0.4782311308071712,12.000194923319226,3.0939048577701675,0.18373324045647788,Negative Reinforcement,2,0,232.77347175145331,0.27231773366860756,Good Visuals,5,0.5017899460495134
67,6.696813249814217,0.11688144060043962,0.6594936710552501,0.5362066551552123,0.21781480615564455,0.41926836566281966,0.24187031649551882,8.279726012730292,3.7207641329011674,2.25142302216696,0.7133377766371855,12.000275749114142,3.116170667209666,0.15708193511916843,Negative Reinforcement,2,1,229.9044985204551,0.27342212990931075,Good Visuals,5,0.5131572301631395
68,6.118670311762519,0.10679094278428387,0.6435950834165788,0.5470680499168796,0.19029881525619774,0.40030021376278346,0.1958782744926785,10.18683765723226,1.8133717929358573,2.908756440328075,0.2965528102330908,12.000441426784787,3.2477339108934515,0.2633262024367642,Negative Reinforcement,2,2,227.4867524151124,0.2933166565293574,Good Visuals,5,0.5101639344262295
69,5.585102192261156,0.09747842231531054,0.5154313619466523,0.5815201354015254,0.6543139303839012,0.24034298655738415,0.7071803058271916,-3.7778005463902624,12.0,-0.5031215071441704,4.003126444814419,8.222199453609736,3.4993182119528887,-1.06584750524233,Negative Reinforcement,2,3,224.75750745129412,0.2141039286493787,Good Visuals,5,0.7248328944703261
70,5.067181569702008,0.08843900218767459,0.5068988956546006,0.4483494747885513,0.25042830785468906,0.19656343088094563,0.2554149050745168,9.436562777426662,9.676562777426662,1.7513223439212855,1.8185836234051505,19.112603517242825,3.569847608912123,-0.27549100859891656,Positive Reinforcement,1,0,222.31599405022084,0.14996633148539487,Good Visuals,5,0.5201643204248284
71,5.237006959293254,0.09140301438952393,0.5398881254040669,0.4630339734693165,0.2643413185980515,0.23904469060231062,0.30500771282825523,10.846140503993253,11.085801206645453,1.8806358481954621,1.9434382363866132,21.935856847370886,3.8241283263666075,-0.2723155574458731,Positive Reinforcement,1,1,220.22456733096774,0.1661856131645418,Good Visuals,5,0.5276181836508417
72,8.451463298258025,0.14750586116606207,0.715862245854601,0.6111952759240995,0.0,0.5659450525031543,0.0,8.584674350637389,0.0,2.9299614920329686,0.0,8.584674350637389,2.9299614920329686,1.0,Manual Control,0,0,217.71865543060298,0.4044480582276256,Good Visuals,6,0.0
73,9.438780332053721,0.16473779416682108,0.6667188783145028,0.5078136020754923,0.0,0.45277726881254154,0.0,3.6775907962165566,0.0,1.9177045643728745,0.0,3.6775907962165566,1.9177045643728745,1.0,Manual Control,0,1,214.7943797962327,0.3232634973616853,Good Visuals,6,0.0
74,6.383458324894422,0.11141236543324956,0.5140615933883111,0.3812240873045825,0.24181827937173891,0.20679351596880974,0.2626078055990578,5.739752033386488,5.979282912833155,1.354911429176629,1.4407922255617989,11.719118474483743,2.795781112991635,-0.32101300843984176,Positive Reinforcement,1,2,212.06552655310347,0.14359413975934268,Good Visuals,6,0.4406188381616866
75,7.588511505753435,0.13244451110087008,0.4802268656754875,0.30449881084046065,0.22684445555443347,0.16421987296046875,0.2588880894086312,2.6036669788132976,2.8436669788132978,0.8905220949144893,1.0164898523006531,5.445368250642371,1.9071386806630688,-0.3884906751627868,Positive Reinforcement,1,3,209.27519908880225,0.11955560252423503,Good Visuals,6,0.4266693769692042
76,9.107537858164372,0.1589565223750006,0.6974959364458687,0.5032195942117558,0.0,0.39549430090833604,0.0,3.819496138092952,0.0,1.954353125229152,0.0,3.819496138092952,1.954353125229152,1.0,Manual Control,0,2,206.57707893986785,0.31148541154962794,Good Visuals,6,0.0
77,8.371059416734582,0.14610254870209458,0.6522590646238965,0.5097720880623098,0.0,0.4676482998371245,0.0,4.915529834556478,0.0,2.217099419175918,0.0,4.915529834556478,2.217099419175918,1.0,Manual Control,0,3,203.9968260158818,0.3358812259306693,Good Visuals,6,0.0
78,3.827393530719244,0.06680061888058153,0.3627487178326773,0.6333584391141447,0.6723806894308689,0.23672841100746458,0.6220331978210262,-53.57899895393158,12.0,-3.8025133526557564,8.946350421525873,-41.57899895393158,5.143802197490791,-1.8807210988644645,Negative Reinforcement,2,0,240.89356613025927,0.24192209912084303,Good Visuals,6,0.7829268292682927
79,4.044468385065172,0.07058928981220511,0.34111268111796245,0.5457010407152247,0.6362813071939972,0.2382627496525233,0.6610158453897486,-53.18213973820277,12.0,-3.785517647690237,8.916558109233376,-41.18213973820277,5.131045363857055,-1.788789918807511,Negative Reinforcement,2,1,275.3515139677428,0.22160690810594155,Good Visuals,6,0.7501146730543805
80,4.085852827903197,0.07131158459883204,0.3526521629287661,0.44460272988707916,0.5142155317974659,0.1666488044401051,0.5234350588550984,-22.763540058603617,12.0,-2.1911559444742,6.28992861176934,-10.763540058603617,4.09905477432639,-1.6061024971825648,Negative Reinforcement,2,2,278.9683148497613,0.15121618949501547,Good Visuals,6,0.6667860065466449
81,4.862508375018314,0.08486678104986876,0.3854860589982595,0.38890804521666933,0.4523332400419584,0.13153078079271543,0.5017483712555955,-0.3271162932974776,12.0,-0.0469470059045456,3.5114899280285616,11.672883706702523,3.464203814110306,-1.0089935691947172,Negative Reinforcement,2,3,275.5852436683,0.11261940286825028,Good Visuals,6,0.6204453957091168
82,6.135736872925178,0.10708881046856528,0.5002351421246085,0.40250336091227173,0.23915868840020943,0.18358301599623966,0.25606026945676075,6.086453740533356,6.326481969481044,1.3968010205742345,1.4801880810426735,12.41174137693162,2.876744336557824,-0.2862485430557463,Positive Reinforcement,1,0,272.5835392091196,0.14116475569282944,Good Visuals,6,0.45621840242669365
83,6.869608893146189,0.11989729350968434,0.5074463690264714,0.3775966957673026,0.23819615027047178,0.19240895739975206,0.2749194364382155,4.524646984674822,4.764429359361894,1.1963352902366053,1.2927522488650305,9.288522222288442,2.4891021321338984,-0.3129216880068018,Positive Reinforcement,1,1,269.48669670239354,0.13740846475614504,Good Visuals,6,0.4601126472094214
84,4.937245357578976,0.0861711874685579,0.4450933798652474,0.530638685949624,0.6938174127041322,0.2830964378001671,0.7467257508961516,-37.91012362366523,12.0,-3.0732774737875572,7.7040937334354265,-25.91012362366523,4.630812240748013,-1.586387061478105,Negative Reinforcement,2,0,283.9342267815916,0.22580763655914668,Good Visuals,7,0.7522893772893773
85,4.640148524124728,0.08098586952753203,0.3999565523285358,0.5490464245586928,0.7555508565761121,0.3640798473236131,0.8847017387193262,-56.14588573478445,12.0,-3.910169983833674,9.134152730790504,-44.14588573478445,5.2239219524738445,-1.9233436151400345,Negative Reinforcement,2,1,317.5873943550833,0.2739761339234037,Good Visuals,7,0.8134517766497462
86,6.9611059226459036,0.12149421793024871,0.5497369097529979,0.3800922728008901,0.24013135728763324,0.1972695822742771,0.25528361176868203,5.631607195603659,5.871834704624456,1.3414619826681229,1.4281569665451987,11.501696402005678,2.7695596006654055,-0.29154901033923963,Positive Reinforcement,1,2,314.3102133613739,0.1431872403142697,Good Visuals,7,0.4650469744418628
87,6.8333217391631615,0.11926396319650232,0.5252385953727945,0.37739800289945846,0.24510363785046937,0.20978756205617669,0.284609187106218,6.051072673489941,6.29136109946218,1.3926425663838329,1.476346942946286,12.344642136490528,2.8690385131004175,-0.2826891946838166,Positive Reinforcement,1,3,311.1545023895579,0.1500925871907187,Good Visuals,7,0.4655268349435986
88,4.425612814138412,0.07724151502516714,0.38547832821081635,0.5608861264413397,0.6913394213461296,0.29020129383922544,0.6997735082631906,-51.55450248760022,12.0,-3.715546666116762,8.795437120456441,-39.55450248760022,5.079895321654568,-1.8100974203385523,Negative Reinforcement,2,2,337.22675596279333,0.24544699341580636,Good Visuals,7,0.7665157910796928
89,5.10355390286468,0.08907381915799552,0.4472261497770862,0.4051191069682381,0.47454790106435474,0.09077717167317925,0.5348777086600721,-5.512828950441645,12.0,-0.7084917996349148,4.244174320370852,6.487171049558355,3.5358625225378963,-1.2175674078638064,Negative Reinforcement,2,3,333.75101056998085,0.07305486402331278,Good Visuals,7,0.6582044298268154
90,6.725211966714105,0.11737709171368442,0.661975406961897,0.5934686097927744,0.0,0.5991605165999333,0.0,12.848855524753825,0.0,3.5845300284352235,0.0,12.848855524753825,3.5845300284352235,1.0,Manual Control,0,0,332.049100264562,0.40568593392834723,Good Visuals,7,0.0
91,7.035807079793444,0.12279799907752299,0.6760964949343617,0.6250000786517421,0.0,0.6135542084381043,0.0,11.163561752788718,0.0,3.3411916665747743,0.0,11.163561752788718,3.3411916665747743,1.0,Manual Control,0,1,329.8904539988946,0.4081765109221519,Good Visuals,7,0.0
92,8.580373785355357,0.14975577360626022,0.7138140482390741,0.6672238227922166,0.0,0.5885972290915573,0.0,7.393623076930424,0.0,2.71912174735344,0.0,7.393623076930424,2.71912174735344,1.0,Manual Control,0,2,326.97708533612484,0.40454784460301507,Good Visuals,7,0.0
93,8.137939695492392,0.14203384201508698,0.6786623625156426,0.5638548750193896,0.0,0.5786780944071037,0.0,7.089914106954788,0.0,2.6626892618784046,0.0,7.089914106954788,2.6626892618784046,1.0,Manual Control,0,3,324.06451145655114,0.37839322790471364,Good Visuals,7,0.0
94,6.693605674818814,0.1168254578557652,0.5155593314483539,0.37666896993851945,0.2386775047143868,0.18298062894528042,0.2544369008075697,5.544549692672653,5.785021496488454,1.3304990368646379,1.4179293412478304,11.327825542386293,2.7484147454351984,-0.2853573600036657,Positive Reinforcement,1,0,320.9928036781445,0.1404312063658692,Good Visuals,7,0.4606131357222617
95,7.448673630976421,0.13000387976701963,0.5552700569959248,0.38136943521308597,0.24461315328651298,0.21278790733146205,0.277782117503099,4.480739270278167,4.721383360068085,1.190384503716169,1.2872079705683253,9.20153307942541,2.4771030476595612,-0.32960967164628496,Positive Reinforcement,1,1,317.8658601819893,0.14266192152916357,Good Visuals,7,0.4835716458777
96,7.277698250086777,0.12701979643064398,0.7177908895969781,0.6066949030177279,0.0,0.4819413771420656,0.0,8.53109646471466,0.0,2.920804078454195,0.0,8.53109646471466,2.920804078454195,1.0,Manual Control,0,0,315.34138816178915,0.36885907702261866,Good Visuals,8,0.0
97,7.511342987376376,0.13109766637630463,0.6654617728839195,0.5516773706512701,0.0,0.5004660285819278,0.0,8.244083577442215,0.0,2.8712512214079555,0.0,8.244083577442215,2.8712512214079555,1.0,Manual Control,0,1,312.80479127295143,0.3644139996511574,Good Visuals,8,0.0
98,5.82456533965533,0.10165784267452732,0.4907039542390206,0.38944380635466636,0.24350130305017745,0.19835137164680225,0.25128545311296246,7.512852593352931,7.752852593352931,1.5576444570189603,1.6328926141566695,15.266906329121948,3.1905634314826834,-0.26450512756257194,Positive Reinforcement,1,2,310.1922979710486,0.14835774259266946,Good Visuals,8,0.4365515836643243
99,6.689087784116544,0.11674660578776534,0.5245511909251482,0.3862324656485885,0.24141660055192649,0.1910522287137678,0.27560503863607333,5.156577156295839,5.395770423491771,1.2813005442684002,1.371518184954376,10.552262779730235,2.6526257220197573,-0.31292765512638065,Positive Reinforcement,1,3,307.334554583016,0.1388687646876285,Good Visuals,8,0.4549178229481337
100,6.9143959714839225,0.12067897548902642,0.6976813935301848,0.6045652010909456,0.0,0.5129011589927032,0.0,10.34330383222492,0.0,3.216100718607071,0.0,10.34330383222492,3.216100718607071,1.0,Manual Control,0,2,305.29231365653243,0.3838516100458744,Good Visuals,8,0.0
101,7.188014641173445,0.12545452217003536,0.6416150998105331,0.5638059484588496,0.0,0.4914434661270549,0.0,8.02834553078752,0.0,2.833433523269519,0.0,8.02834553078752,2.833433523269519,1.0,Manual Control,0,3,302.8730973496626,0.3661129686550556,Good Visuals,8,0.0
102,5.532314666069863,0.09655710617928971,0.4732424822018324,0.42188457076410013,0.30926395921186645,0.13673598098153938,0.32861413397151124,3.9139158042334445,8.086084195766556,0.7636396976337712,2.1806859750731453,11.999611593368066,2.946226965275053,-0.6629858126622786,Negative Reinforcement,2,0,300.05026580642834,0.1136234023245776,Good Visuals,8,0.5076993677340403
103,4.240544220601654,0.07401145872591562,0.3649607944495063,0.4768761505761152,0.547894524991709,0.1929178140078693,0.586388707680052,-40.85439760813372,12.0,-3.2214172225530326,7.951847679605642,-28.854397608133723,4.730227239869282,-1.469721758743174,Negative Reinforcement,2,1,313.41121759355536,0.17380865950898428,Good Visuals,8,0.6846023514915028
104,4.791683402276739,0.08363065208289305,0.41969043431218117,0.4150176937156627,0.4269217534203476,0.09080873836642384,0.42685485148062996,-4.273909615501426,12.0,-0.5635637505539733,4.073059075990903,7.726090384498574,3.5096536654758554,-1.1259083339807188,Negative Reinforcement,2,2,310.60288504995566,0.07522309206587582,Good Visuals,8,0.5942865982571031
105,5.240115688795185,0.09145727195488651,0.44246380644610966,0.3650300318209315,0.3522467803226265,0.08051211793244925,0.392251653340837,1.670200304541562,10.329686936677424,0.2702829429569616,2.9550545403055515,11.997998321292236,3.2253445575089987,-0.9123343884886435,Negative Reinforcement,2,3,307.69839781020306,0.05574490409382713,Good Visuals,8,0.5248824350162782
106,5.87577891737532,0.10255168822746719,0.485835679133,0.38062339213683355,0.23480898039216114,0.1707197689095515,0.24698417210625084,6.019037961532501,6.2587955411490395,1.3887228444134412,1.4726008574994065,12.279413946639494,2.8613964840837025,-0.3071102334706242,Positive Reinforcement,1,0,305.155179381732,0.13463576699310909,Good Visuals,8,0.44809829713469973
107,6.069486807436223,0.10593252869612116,0.49051745861637486,0.38465874970456604,0.23759623096342086,0.18707012142268006,0.2740147095253392,5.843975992901489,6.084148879225477,1.3674226137939756,1.452678713327019,11.922789569781314,2.8202689442466395,-0.31069391548388275,Positive Reinforcement,1,1,302.6341717873821,0.13791820788344739,Good Visuals,8,0.44573406638159235
108,4.7964427133780845,0.08371371773173823,0.3704380386405929,0.30647008255769237,0.5133916738508458,0.1645046430168231,0.6085696433386378,-11.399476207588188,12.0,-1.30822585591673,5.010895715496088,0.6005237924118116,3.7026347095250003,-1.4368583973648954,Negative Reinforcement,2,0,301.0672956912638,0.11967901630979248,Good Visuals,9,0.7501636043292222
109,3.979192411723164,0.06945000915494301,0.29400810010463885,0.4067984630734699,0.6593100939215482,0.30743018104762493,0.7904310113653631,-51.21039975615374,12.0,-3.700346303338128,8.769720716072772,-39.21039975615374,5.068918292421779,-1.9854316700585235,Negative Reinforcement,2,1,321.98231388161827,0.23717463818691142,Good Visuals,9,0.8148981940067037
110,7.484409612846494,0.1306275903120854,0.5961706687037558,0.37038456822778426,0.2511644441484357,0.21559975772073464,0.2661788339314396,4.823226862952943,5.06202634916904,1.2367283562084082,1.330320425067899,9.88255616403774,2.5671525510022764,-0.3170737075345973,Positive Reinforcement,1,2,319.3284862475361,0.1478870329316477,Good Visuals,9,0.4461240117348715
111,7.054441184376808,0.12312322555566364,0.5250246228191843,0.34025694351598085,0.24141409750057308,0.21191271212415166,0.27841030494806746,4.395773206049972,4.6354148633044225,1.178243017554844,1.2760023443828115,9.030778314831455,2.45441095566595,-0.2964162159393584,Positive Reinforcement,1,3,316.6798701062641,0.1449216496425555,Good Visuals,9,0.4372580164796982
112,4.812758023854998,0.08399847361804551,0.36480767872840303,0.3119069279184256,0.5147421213381006,0.17534247095757666,0.6387533611471955,-12.20992395895971,12.0,-1.3814703021481876,5.110744891161152,-0.20992395895970972,3.7294881055438944,-1.4709786453936915,Negative Reinforcement,2,2,315.1120454836419,0.12076589830856585,Good Visuals,9,0.6975712990023178
113,4.5470186695135375,0.07936044693266313,0.341733709657629,0.31201078655282244,0.5289671313531453,0.1915715464967092,0.6539945184295708,-17.49401474564013,12.0,-1.815409387435232,5.726132830069932,-5.494014745640129,3.9109181433583844,-1.6025212077239794,Negative Reinforcement,2,3,314.8735975345252,0.13861308940230535,Good Visuals,9,0.7445939815514895
114,9.220530475982699,0.160928615586378,0.6971070754029336,0.49661599759757113,0.0,0.4945003053899539,0.0,5.15118720859884,0.0,2.2696227016560613,0.0,5.15118720859884,2.2696227016560613,1.0,Manual Control,0,0,312.4206970043612,0.34756193935490287,Good Visuals,9,0.0
115,9.089916912717207,0.1586489788596333,0.6886725306822262,0.47958318961401847,0.0,0.5056899191806667,0.0,5.142915882465145,0.0,2.267799788884624,0.0,5.142915882465145,2.267799788884624,1.0,Manual Control,0,1,310.0044087305773,0.35467451018333696,Good Visuals,9,0.0
116,9.288997521326502,0.16212359095673964,0.6677706926476125,0.47325017122923024,0.0,0.44927920555529477,0.0,4.054798188391193,0.0,2.0136529462666637,0.0,4.054798188391193,2.0136529462666637,1.0,Manual Control,0,2,307.5306811628445,0.3277707819790862,Good Visuals,9,0.0
117,10.199048623376353,0.17800697904891244,0.73948558156864,0.5303705345785507,0.0,0.5318299818510867,0.0,3.719944941194588,0.0,1.928715878815381,0.0,3.719944941194588,1.928715878815381,1.0,Manual Control,0,3,305.07144922520877,0.35200299359286685,Good Visuals,9,0.0
118,7.790321604361892,0.13596676178536207,0.5463154512280813,0.30450811788709825,0.24014557945058038,0.1904062704460342,0.25130020578004664,4.148828532694916,4.388828532694916,1.1428636437817277,1.2435438110335495,8.537132817997641,2.386434458244607,-0.31028726912783866,Positive Reinforcement,1,0,302.6822705905906,0.13769623145553536,Good Visuals,9,0.41435530370812207
119,8.438872169209727,0.14728610450762575,0.5334110625762225,0.2959834048331114,0.2290455358908156,0.17117278414117193,0.26428980556972376,2.275688196982492,2.515688196982492,0.8273366061902685,0.9614967697550848,4.790596094438349,1.7888274465499414,-0.37117972581650366,Positive Reinforcement,1,1,300.2185619398589,0.12373514253625562,Good Visuals,9,0.41798020983541345
120,7.087495232719274,0.12370012753035305,0.737159060561693,0.6778241832965822,0.0,0.5993556693150797,0.0,12.304719734960504,0.0,3.5078083948420904,0.0,12.304719734960504,3.5078083948420904,1.0,Manual Control,0,0,299.0532899154649,0.41829603785128283,Good Visuals,10,0.0
121,6.992586621598402,0.12204365977779894,0.6822200552100617,0.5983769178006796,0.0,0.5942765201923214,0.0,11.311823517199516,0.0,3.363305445123817,0.0,11.311823517199516,3.363305445123817,1.0,Manual Control,0,1,297.69087992268146,0.4101831994760835,Good Visuals,10,0.0
122,5.755101182948758,0.10044546442787637,0.5359562372195399,0.44625023578979334,0.2630513942131543,0.21220221921503876,0.26523023464388823,9.351819185073744,9.591819185073744,1.743238422779507,1.8107410510997064,18.94358496163225,3.55389708772715,-0.2967287703193894,Positive Reinforcement,1,2,296.00120289195166,0.157442324352468,Good Visuals,10,0.5223759153783564
123,5.3045591117952355,0.09258202186749283,0.504733130419025,0.44163044033822896,0.2568718244832214,0.22234651829626442,0.27342210472880807,9.469866779062976,9.709866779062976,1.754420000605458,1.821552156291839,19.17731922854189,3.57597519367401,-0.2907461841205104,Positive Reinforcement,1,3,294.34503215958983,0.15754300573607813,Good Visuals,10,0.5086394730174816
124,7.082927893320214,0.12362041241978342,0.7118232177926408,0.6602106133506965,0.0,0.5807864200369788,0.0,12.392919498037312,0.0,3.520357865052545,0.0,12.392919498037312,3.520357865052545,1.0,Manual Control,0,2,293.21147239352547,0.42172305192492593,Good Visuals,10,0.0
125,7.100770485215649,0.1239318243954484,0.7328294999895892,0.6594780294908081,0.0,0.6178623471842124,0.0,12.42259761747793,0.0,3.5245705578804816,0.0,12.42259761747793,3.5245705578804816,1.0,Manual Control,0,3,292.0824332325366,0.4325517042308584,Good Visuals,10,0.0
126,5.80862488340846,0.10137962922874935,0.5853747196938015,0.5220601438032406,0.1686654705511697,0.40417241354318634,0.18204234294998917,10.68227218985916,1.3177278101408385,3.067082476686922,0.2078101144580548,12.000760143752402,3.288453369807578,0.30746775466139725,Negative Reinforcement,2,0,290.6433700606257,0.29997022609638757,Good Visuals,10,0.46713898100693396
127,6.540846768114255,0.11415931197202378,0.5956450844172605,0.4865961840599957,0.20780506524547668,0.3537382855512189,0.22501167551887152,7.6971019261268445,4.302898073873156,2.037325725446717,0.8702893695677191,11.999930775513747,2.9313164375508025,0.018082529983298866,Negative Reinforcement,2,1,288.8005537451012,0.24508306985810183,Good Visuals,10,0.4645363218738957
128,6.2037375862943716,0.10827564681056263,0.562221316731098,0.4550249861829597,0.22335651706926976,0.30387860730483424,0.23483045991958176,7.806301932128523,4.193852351299522,2.077811190156554,0.8394905236798602,11.99978731755908,3.0062150166268125,-0.03951596904346931,Negative Reinforcement,2,2,286.9922011906915,0.22728816973162033,Good Visuals,10,0.48341423948220064
129,6.350386894719018,0.11083516008834536,0.5926716629116909,0.48770896552748716,0.21444441533555783,0.3676685310272469,0.22115058634530194,8.682280707530001,3.317719292469998,2.396185494174444,0.6136440873757831,12.000055115252373,3.1020481908536732,0.17198274971670147,Negative Reinforcement,2,3,285.3102156846086,0.2650033480597599,Good Visuals,10,0.4863401801072549
130,4.955751509046545,0.08649418074353975,0.5370678438610513,0.4987748711961851,0.27133713551053945,0.21154609829458518,0.28842052822120356,12.546596110218598,12.7862001329385,2.025582171310357,2.0839938129439055,25.328356291969506,4.1095876207035875,-0.27643795927858933,Positive Reinforcement,1,0,284.24117610805956,0.16548307872137152,Good Visuals,10,0.5436584133400707
131,5.470786594397798,0.09548323874620915,0.5354155350060313,0.4554709643210558,0.2661987599089803,0.23933494418748255,0.29369372225415347,10.30251008540327,10.54268055866395,1.8317509615990242,1.8961240535192614,20.842383435362777,3.72786916297968,-0.298060234598429,Positive Reinforcement,1,1,282.80437628138316,0.16334514388148663,Good Visuals,10,0.5508165128309159
132,5.78757499878235,0.10101223943485882,0.5896817250968653,0.8834578541163134,1.0364550319030459,0.5147471513408884,1.2013561228493823,-56.673342430452905,12.0,-3.9319842908240874,9.17235498169694,-44.673342430452905,5.240236113947102,-1.9254459685957726,Negative Reinforcement,2,0,305.1679909043096,0.37995111874282106,Good Visuals,11,0.8479377511061384
133,7.224512377186391,0.12609152783298497,0.5280598124893978,1.1328306566318473,1.2281095064615006,0.47809033891044644,1.0870793481912726,-57.55818092361376,12.0,-3.9684057523087137,9.236019333935152,-45.55818092361376,5.2674729697307265,-1.9573346742154658,Negative Reinforcement,2,1,327.58610129959965,0.4762674891535765,Good Visuals,11,0.8650596295356509
134,10.316361713838393,0.18005447873316502,0.7416611469989757,0.44436118634161265,0.24766743087296061,0.2057004895449408,0.24303709617431432,1.9921455927316352,2.232058208770967,0.768665710952833,0.9113347692171023,4.2233371051410895,1.679897216427034,-0.4234523103547282,Positive Reinforcement,1,2,325.1964222727848,0.12938125519110277,Good Visuals,11,0.5147494130856385
135,10.204497183397413,0.1781020743607725,0.7602655266701183,0.48085829242822553,0.2516383297844259,0.2062955869980158,0.26961336910243006,2.1475743469873754,2.3875743469873756,0.8012639220450186,0.9392302468044798,4.534340447567874,1.7405857566726963,-0.4012288880397977,Positive Reinforcement,1,3,322.84656768346247,0.13305157754360838,Good Visuals,11,0.507719298245614
136,5.644176148923004,0.09850945736124021,0.6118936643984904,0.8656279520158117,1.0139589690239528,0.4912334185898034,1.1504145835453392,-55.90289943236876,12.0,-3.9002818669148547,9.11665522507836,-43.90289943236876,5.216196776317038,-1.8552731147996495,Negative Reinforcement,2,2,342.9620417821657,0.36512178130075595,Good Visuals,11,0.8455688501318191
137,5.672167502716333,0.09899799864702442,0.591557120901681,0.8508719727079749,0.9905523446745922,0.5165709686836821,1.1247711476373188,-56.36663123564335,12.0,-3.919336144680715,9.150144003964018,-44.36663123564335,5.230723504042195,-1.7937344312417118,Negative Reinforcement,2,3,362.83306285774415,0.35544651549861245,Good Visuals,11,0.8207508878741755
138,10.666688322298242,0.1861688315081344,0.7970387865484867,0.6304457446080267,0.0,0.46429829318140264,0.0,3.825846884422497,0.0,1.9559772197829783,0.0,3.825846884422497,1.9559772197829783,1.0,Manual Control,0,0,360.39075169060646,0.35480069187344404,Good Visuals,11,0.0
139,10.69522783763249,0.18666694001764045,0.8061291353018375,0.60948593551652,0.0,0.5079650428034894,0.0,3.472251579017788,0.0,1.863397858488033,0.0,3.472251579017788,1.863397858488033,1.0,Manual Control,0,1,357.95768617517507,0.3568371814677705,Good Visuals,11,0.0
140,10.501138211111742,0.18327943699088728,0.816316869180729,0.592610556014282,0.0,0.4812388153675622,0.0,4.017859216703975,0.0,2.0044598311330866,0.0,4.017859216703975,2.0044598311330866,1.0,Manual Control,0,2,355.59327777702305,0.3589641484940673,Good Visuals,11,0.0
141,11.629217690073842,0.20296813812295808,0.7956505735476203,0.5313312295440299,0.0,0.3932126508372798,0.0,2.0145486581089704,0.0,1.4193479693533135,0.0,2.0145486581089704,1.4193479693533135,1.0,Manual Control,0,3,353.14939801092527,0.3058364420501311,Good Visuals,11,0.0
142,10.944755494481875,0.1910220192044488,0.7633729660692333,0.45087719596998216,0.2545936288250323,0.16249050256911393,0.24684698848041373,1.5574262331385953,1.7974262331385953,0.668936211744404,0.8326591179725145,3.3524701191954493,1.498103654891279,-0.44288142064051217,Positive Reinforcement,1,0,350.7218005324985,0.12492801277041143,Good Visuals,11,0.5367941529835802
143,11.294540487891776,0.19712691901351823,0.7671334509009485,0.4270742672964199,0.24638692267018947,0.16882588765888612,0.24070414840684037,1.1152883056968408,1.3553216758405904,0.5507852666077916,0.7384649871394937,2.471223284347899,1.288110692016677,-0.5219415506536899,Positive Reinforcement,1,1,348.31380008081476,0.11540446144628207,Good Visuals,11,0.5252712093186022
144,4.943739113066975,0.08628452488264295,0.3578989398525738,0.5541529861204706,0.8345492000796098,0.4544811905088253,1.1053343645908196,-58.23856024774254,12.0,-3.9961808171038102,9.284792232226655,-46.23856024774254,5.288662700143927,-2.0258399107185636,Negative Reinforcement,2,0,368.45254077687036,0.31480908376018263,Good Visuals,12,0.9081359527296601
145,4.383986855704428,0.07651500499619583,0.3105854244693846,0.42644694859235177,0.7431147005326175,0.39013284819409016,0.9734600257907846,-57.76342949894982,12.0,-3.976856742342374,9.250886468189016,-45.76342949894982,5.274025780448831,-2.036276114882997,Negative Reinforcement,2,1,387.6420042712091,0.2762354647478887,Good Visuals,12,0.9036344442768813
146,12.056424506569916,0.21042430365777776,0.7182466648129323,0.39703296779623937,0.0,0.34736811790217625,0.0,1.3351132055246637,0.0,1.1554709882734557,0.0,1.3351132055246637,1.1554709882734557,1.0,Manual Control,0,2,385.06530342627786,0.2587929257002973,Good Visuals,12,0.0
147,11.793323987512585,0.20583233333652123,0.6949655410703025,0.4360106688900734,0.0,0.383868931143393,0.0,1.4726810273907285,0.0,1.2135406986956507,0.0,1.4726810273907285,1.2135406986956507,1.0,Manual Control,0,3,382.5282198168718,0.2790994262517402,Good Visuals,12,0.0
148,4.268306007500219,0.0744959933135326,0.2959009469982453,0.40566108881036905,0.7186349263327669,0.3793282901543348,0.9580821474860626,-57.80262138337298,12.0,-3.9784631213778585,9.253674607613771,-45.80262138337298,5.275192487814998,-1.9630633718678,Negative Reinforcement,2,2,401.00957655235305,0.2632841361235888,Good Visuals,12,0.8922543701024713
149,4.20453985208432,0.07338306395018675,0.2935216436380751,0.4256928433813644,0.7359688412576973,0.39373068583262505,0.9886273388217346,-57.91424502940227,12.0,-3.982976823342757,9.261617000084621,-45.91424502940227,5.278619878341768,-2.070794438051578,Negative Reinforcement,2,3,419.0483349240512,0.27715875937766193,Good Visuals,12,0.8765711412770236
150,8.864670613711093,0.15471768931404495,0.6233774194033714,0.35735655931167803,0.2366960588523391,0.16751222709229277,0.23122705153314846,2.135115394062918,2.3750376720154325,0.7989095846701151,0.9371011373036695,4.5112121283250275,1.7360067977455382,-0.3959724353475387,Positive Reinforcement,1,0,416.40619594095944,0.1217294740326556,Good Visuals,12,0.48504273504273504
151,9.080420829235264,0.1584832409368291,0.5747806531630287,0.3011683575472751,0.23057826443541238,0.150633344571118,0.24181103635293721,1.608239575179968,1.848299669951015,0.6814850633076017,0.839261870230479,3.4569831380998304,1.5207126671612712,-0.43479480711008,Positive Reinforcement,1,1,413.76813481255283,0.10987622615978337,Good Visuals,12,0.46615010182287786
152,9.417783524070963,0.16437133073511292,0.6221129247181908,0.34693744415841526,0.22711698269255381,0.15057556563017274,0.2202742846892443,1.7086432998680523,1.948665244718066,0.7053316535181275,0.8587157423625987,3.656531576300641,1.5639082401422986,-0.44800671723218677,Positive Reinforcement,1,2,411.16840951154404,0.10931329496374885,Good Visuals,12,0.4714108604016861
153,11.082734742169235,0.19343021137601796,0.6170579979043732,0.24086284788401197,0.2224915084474082,0.11121202299068379,0.21406771626344484,0.7930648133395659,1.033064813339566,0.4472822057842989,0.6633522145663145,1.826702995553688,1.110606499015278,-0.5637955511845291,Positive Reinforcement,1,3,408.55939082378376,0.08798455080804848,Good Visuals,12,0.4604605100272345
154,12.06283473719593,0.21053618328801385,0.6896129294889388,0.3737111711125751,0.0,0.30549525682081685,0.0,1.3081582976009463,0.0,1.1437474797088876,0.0,1.3081582976009463,1.1437474797088876,1.0,Manual Control,0,0,406.0051148723633,0.24250579748033138,Good Visuals,12,0.0
155,12.30618285773227,0.21478340921991304,0.6863287605682734,0.3811029241000173,0.0,0.2997541540764733,0.0,0.985726824381293,0.0,0.9928377633739024,0.0,0.985726824381293,0.9928377633739024,1.0,Manual Control,0,1,403.4686498625935,0.23861145628385877,Good Visuals,12,0.0
156,7.155506781297935,0.12488715298243076,0.5300323802847914,0.338318669295339,0.24408646862597982,0.19288655600990798,0.25103357693366507,5.073816699061272,5.313816699061272,1.2703609675334426,1.3615386361094752,10.389100146226529,2.6318889595264703,-0.3065263097099392,Positive Reinforcement,1,0,401.23510151838343,0.14313458766101667,Good Visuals,13,0.4599740803509122
157,9.304843014252912,0.16240014697990698,0.5878113172335098,0.2856521758462663,0.2359224269513284,0.16346171483019833,0.2524448704109425,2.1792741605871377,2.4192741605871375,0.8076451407659528,0.9469779634239245,4.59636628289495,1.75249426751909,-0.3869957117079617,Positive Reinforcement,1,1,398.8145749725889,0.12170187731040638,Good Visuals,13,0.4269774855548914
158,4.380890241642601,0.07646095888515336,0.3352044617381392,0.3472856889267845,0.5365620277486454,0.2029675957199903,0.6267731137887295,-23.02417451496124,12.0,-2.208577033698371,6.316324138917728,-11.024174514961237,4.107997832876576,-1.499887360709328,Negative Reinforcement,2,2,399.0316202436897,0.15255022033501978,Good Visuals,13,0.691473259334006
159,4.663517459765186,0.08139373439714467,0.3240461536597417,0.2665001189065665,0.4798453548417249,0.16693699099312487,0.6488261062798919,-7.439473112401454,12.0,-0.9197632167935316,4.503863254000686,4.560526887598546,3.583911175156056,-1.3131197939728687,Negative Reinforcement,2,3,396.70343949978763,0.11174310816080794,Good Visuals,13,0.6903930793747154
160,8.291827812788394,0.14471969634159745,0.5962073014318077,0.32571530173176655,0.24097411022007148,0.19108349378830433,0.23822162024098625,3.104077907903307,3.3440779079033067,0.9796518834914452,1.095269824893648,6.454004993869303,2.0748705005491854,-0.35055952120423184,Positive Reinforcement,1,2,394.4200799550955,0.13227948539888668,Good Visuals,13,0.47203758308761057
161,7.448503363513446,0.1300009080391817,0.502657418432944,0.29720041827932003,0.23226105059744276,0.18775243755835128,0.2679462997291581,3.54200025275174,3.782057579116549,1.0510313685742791,1.1596284333906417,7.325028554811933,2.2106941968731406,-0.32120208225512514,Positive Reinforcement,1,3,392.1927561331888,0.1318205257775668,Good Visuals,13,0.4189061646217277
162,6.417693677730133,0.11200988506081472,0.5654294999848962,0.5695273098598111,0.0,0.5241165937536862,0.0,11.337905046815752,0.0,3.3671805782903523,0.0,11.337905046815752,3.3671805782903523,1.0,Manual Control,0,0,390.9101182410081,0.3750120740593371,Good Visuals,13,0.0
163,7.067247737455083,0.12334674207271096,0.5596930960844698,0.5057763302947499,0.0,0.5288714139490724,0.0,8.683832898533861,0.0,2.94683438600371,0.0,8.683832898533861,2.94683438600371,1.0,Manual Control,0,1,389.23820729598634,0.3628188011539451,Good Visuals,13,0.0
164,6.772202274666008,0.11819722730397123,0.5788545921675947,0.5572515012107524,0.0,0.5720175482861543,0.0,11.641181673266036,0.0,3.411917594722806,0.0,11.641181673266036,3.411917594722806,1.0,Manual Control,0,2,388.0144206920686,0.388682073794254,Good Visuals,13,0.0
165,7.644757959791294,0.13342619691640237,0.6019392317267828,0.4945528751568356,0.0,0.49095311110964407,0.0,6.646797076415273,0.0,2.578138296603825,0.0,6.646797076415273,2.578138296603825,1.0,Manual Control,0,3,386.1250410748885,0.34612787367918213,Good Visuals,13,0.0
166,6.074871377515955,0.10602650717281685,0.47278685135157,0.3323499613064792,0.22584209798820265,0.2788879131210801,0.26727127781653204,7.545391276072504,4.454677896415781,1.9815254334155372,0.9135152010850828,12.000006281136308,2.9434988205059476,-0.17692721273297682,Negative Reinforcement,2,0,384.34973771349206,0.19581384376803726,Good Visuals,13,0.40401017507107584
167,5.213129400439288,0.0909862723701835,0.39434242274869963,0.34027585472430716,0.4859034968695648,0.1950192930398906,0.5882039383250293,0.9377972940172274,11.062440154105964,0.1439432238197758,3.185323417962975,11.990748208221216,3.329192843859502,-0.9600840224821243,Negative Reinforcement,2,1,382.1094086775712,0.14845580793275007,Good Visuals,13,0.6372775711269729
168,6.49838815089123,0.11341826930563803,0.6713110694405432,0.550456142714324,0.2841358111854782,0.33917663427491024,0.3340040168395678,8.262479055143999,3.7368088502077557,2.244954225193209,0.7176105516154193,11.998622028069777,3.0395443247018736,-0.006264793564979388,Negative Reinforcement,2,0,380.4532269335737,0.24215709590058554,Good Visuals,14,0.5359744536473405
169,6.611715538252358,0.11539620534777272,0.6190002565516152,0.4801593284004243,0.3283805091639879,0.1734498171436451,0.36967553975441586,4.372209825498739,7.628105839462622,0.8898053724131033,2.012047196380472,11.999839173132987,2.9028064010548533,-0.5310438157501051,Negative Reinforcement,2,1,378.4393227636947,0.12944381271917973,Good Visuals,14,0.5327717689278771
170,7.83235867536033,0.1367004470821794,0.6527677141195372,0.5508554376829746,0.0,0.5389098345122706,0.0,6.7012081617465675,0.0,2.588669187386958,0.0,6.7012081617465675,2.588669187386958,1.0,Manual Control,0,2,376.6445423045493,0.36165079548286533,Good Visuals,14,0.0
171,7.4275249109524575,0.12963476497001902,0.6383504854367793,0.5764082327066116,0.0,0.5274350983304512,0.0,8.00757251947537,0.0,2.829765453085356,0.0,8.00757251947537,2.829765453085356,1.0,Manual Control,0,3,375.0030130298446,0.3681227909209218,Good Visuals,14,0.0
172,5.1376154156659615,0.08966830470458809,0.4314332102413355,0.33059430434203313,0.40627059562399526,0.036274382964011684,0.4667658517487411,-0.25114806842576287,12.0,-0.036055905044197506,3.5003767119555733,11.748851931574237,3.463705450265187,-1.0083280674416342,Negative Reinforcement,2,2,372.8470175000709,0.028626605283845415,Good Visuals,14,0.5976605828375516
173,5.651949861898299,0.09864513424776411,0.46321371387911175,0.32993964538502807,0.3904066444455465,0.09400639971064419,0.4763876296850319,0.472595336451624,11.5275084174587,0.0702874770242586,3.3257678909997623,11.994496946119867,3.3960600807508787,-0.9814601687906057,Negative Reinforcement,2,3,370.7303725946975,0.06804596295675963,Good Visuals,14,0.5773118117363102
174,6.331119058235136,0.11049887290196574,0.5722392402168986,0.42363135679162506,0.26355115694725684,0.2313922673774438,0.2812901960007077,7.49781622488885,7.73781622488885,1.5560694434119662,1.631265034045542,15.23485324625304,3.1872295693760626,-0.28378311850859256,Positive Reinforcement,1,0,369.08783748975617,0.16308704887108338,Good Visuals,14,0.5023103294082576
175,6.186498676996232,0.1079747710838574,0.552905761780187,0.41967346118565696,0.26519272837246655,0.22046167146235487,0.29966158026095907,7.257240855009737,7.49767354572962,1.5301273951979588,1.6066606727875472,14.754893996115591,3.1368116379838717,-0.29132873622324323,Positive Reinforcement,1,1,367.4341805811553,0.16040724244099952,Good Visuals,14,0.49449673788535287
176,6.01515723993142,0.10498429886197783,0.5422084328257442,0.42325548090730253,0.2621882263227321,0.2230179966479665,0.28304707057335127,8.282123250762167,8.521828811487321,1.6381114376924577,1.709552747513492,16.80171368198028,3.3474082812150936,-0.2918401007110852,Positive Reinforcement,1,2,365.9015662675768,0.15837796926991357,Good Visuals,14,0.49021268117746675
177,6.9264262208946885,0.12088894295108037,0.5680829277724129,0.4034312228427949,0.2521755051691314,0.20452957819450207,0.28180104970603387,4.8464969776924525,5.086496977692454,1.2403455315388192,1.3335920455235704,9.933590525863284,2.5739418951033044,-0.2892088291634103,Positive Reinforcement,1,3,364.0706891747892,0.14636710746670759,Good Visuals,14,0.47448674506677296
178,8.28292678645932,0.1445643441253484,0.6347425647465752,0.5313240053520143,0.0,0.5125617424090791,0.0,5.863164854656684,0.0,2.4213972935103802,0.0,5.863164854656684,2.4213972935103802,1.0,Manual Control,0,0,362.33475957844786,0.34514623246206344,Good Visuals,14,0.0
179,7.910371876754711,0.1380620343065328,0.6689893614998303,0.5790932580370641,0.0,0.5588151730378722,0.0,7.95424973220356,0.0,2.8203279474367258,0.0,7.95424973220356,2.8203279474367258,1.0,Manual Control,0,1,360.8072569133723,0.39844009740971464,Good Visuals,14,0.0
180,5.24824012304176,0.09159907008235103,0.4954825480198321,0.43898834866072717,0.253252356620762,0.24157318372344994,0.2672225851223974,12.657185787937454,12.896960624038629,2.034771934779595,2.0928817334760206,25.55363963077493,4.127622228336268,-0.20624723642952103,Positive Reinforcement,1,0,359.8945692634821,0.1768043244955009,Good Visuals,15,0.48114002478314744
181,5.944113159936397,0.10374434575201444,0.49253772487360353,0.3608673459022497,0.2530091178212097,0.2432208674685191,0.29570148621637055,9.40545082457498,9.64549858204073,1.7483118365001258,1.81567651826448,19.052039790204134,3.564018296821983,-0.22756878999124622,Positive Reinforcement,1,1,358.5422297221484,0.1684105692334029,Good Visuals,15,0.4490706319702602
182,5.677308047416179,0.09908771807738265,0.45486389486226647,0.35035965610639547,0.20097142308923513,0.3034940266502078,0.21486839754081608,7.934475104518304,4.065311721902663,2.1250701728635244,0.8042712557191133,11.999978080615099,2.9769649913617187,-0.06146728353007831,Negative Reinforcement,2,2,357.0395678005747,0.2098772576041966,Good Visuals,15,0.4116466870642524
183,5.986149593928938,0.10447801993098152,0.47809112793694925,0.39475269963164566,0.16795900493276483,0.36201374237379774,0.18464675596937685,9.22340213217531,2.776842606668609,2.5857506838861464,0.49041133075309673,11.999954393718754,3.105516876781485,0.24799132031521842,Negative Reinforcement,2,3,355.6843026615342,0.2610262537658824,Good Visuals,15,0.39436900958466453
184,5.579931293571268,0.09738817310788493,0.507415422029615,0.3939579925649758,0.2637561542660766,0.2463667656848105,0.2868646602864381,10.644599238624238,10.883887121167792,1.8625853469701112,1.9258703084222315,21.527780392836842,3.788402464691625,-0.24733615147341995,Positive Reinforcement,1,2,354.50638956021993,0.17150013463498895,Good Visuals,15,0.47596583573343926
185,5.164977367157612,0.09014586084788839,0.4923913813162659,0.4094508151010112,0.26060913373206157,0.24249523841915294,0.3014473674004058,12.703781794963673,12.943781794963671,2.038491720279547,2.096522603479839,25.645420755376435,4.13500471697634,-0.22925931399840466,Positive Reinforcement,1,3,353.61364537120033,0.17290750075701528,Good Visuals,15,0.4836126722037101
186,6.676865929635903,0.11653329418637855,0.5554209018978252,0.5705522333852404,0.0,0.5562333216820172,0.0,11.901315686388454,0.0,3.449828356064096,0.0,11.901315686388454,3.449828356064096,1.0,Manual Control,0,0,352.6062211971612,0.388872102907069,Good Visuals,15,0.0
187,7.377356982362096,0.1287591694372118,0.5767604075666776,0.5433887023029916,0.0,0.5700202319798294,0.0,8.867819765964956,0.0,2.9778884744001,0.0,8.867819765964956,2.9778884744001,1.0,Manual Control,0,1,351.2373484421839,0.3842517170861472,Good Visuals,15,0.0
188,7.095120039010069,0.12383320550495423,0.6144291725078372,0.59439254026084,0.0,0.597424153814254,0.0,11.11122541423704,0.0,3.333350478758128,0.0,11.11122541423704,3.333350478758128,1.0,Manual Control,0,2,350.1339765371404,0.40965175204555043,Good Visuals,15,0.0
189,7.34558822198275,0.1282046999693151,0.5766220117007241,0.5329298939548824,0.0,0.555106105640989,0.0,9.217757505068844,0.0,3.036076004494756,0.0,9.217757505068844,3.036076004494756,1.0,Manual Control,0,3,348.8168711476881,0.3819149069527003,Good Visuals,15,0.0
190,5.928094302407323,0.10346476394572421,0.45284153630614343,0.34127573156552965,0.19517647076921352,0.28374847088628696,0.20624520446628783,7.355818449667927,4.644144415034205,1.91076493205968,0.96938413991859,11.999859016268381,2.903981617855155,-0.03622468915004106,Negative Reinforcement,2,0,347.33281399977653,0.20634482933581283,Good Visuals,15,0.3679634322054951
191,5.558094441753695,0.09700704814539815,0.41921513233025687,0.3137327421243976,0.24107499915677813,0.23797976755581166,0.26990187858332676,6.6625071010179795,5.337501588642789,1.6537716945727674,1.1874325230405132,12.000007459504822,2.912941596064912,-0.2881453304723026,Negative Reinforcement,2,1,345.8052290628873,0.1643258597170619,Good Visuals,15,0.43078997303505445
192,5.892961414293486,0.10285157937240297,0.5636332681456799,0.4813621784220184,0.17653730365885417,0.3613264730743786,0.17907989885356226,9.310923299615649,2.6890767003843514,2.616367751347039,0.4713153088577706,11.999883452946595,3.132876709223767,0.21431515288263062,Negative Reinforcement,2,0,344.5269031284864,0.27106489375088716,Good Visuals,16,0.4651988991743808
193,6.124045247034876,0.1068847531018681,0.5886160018328668,0.503676076905162,0.1980147384938213,0.3979611205302933,0.2213864704558888,9.270300952660406,2.729478175193945,2.602229755990549,0.4802192615624823,11.999996356235929,3.1341907024726003,0.18334322340532064,Negative Reinforcement,2,1,343.25236216946445,0.27029212197165287,Good Visuals,16,0.4705999900084928
194,6.858126284337923,0.11969688417926158,0.5747019791913599,0.5295453239253076,0.0,0.49696329761914526,0.0,8.379111349435696,0.0,2.8946694715229784,0.0,8.379111349435696,2.8946694715229784,1.0,Manual Control,0,2,341.90037740012156,0.35201346433053315,Good Visuals,16,0.0
195,6.8182774885554975,0.11900139148990342,0.5636667416480947,0.48891952886332335,0.0,0.54490625721816,0.0,9.164427791944934,0.0,3.0272805935269584,0.0,9.164427791944934,3.0272805935269584,1.0,Manual Control,0,3,340.6321283326663,0.36369074371915305,Good Visuals,16,0.0
196,5.87243892224576,0.10249339431545577,0.5258288006122629,0.42666822611047267,0.2766866413690436,0.24514568855815713,0.2792683642797607,5.869661629347043,6.13090343410363,1.368073648190832,1.460941293618387,11.99928173008675,2.9527612040663933,-0.420283370255908,Negative Reinforcement,2,2,339.1060962338832,0.17514578460815144,Good Visuals,16,0.5228423850358558
197,5.615314589069251,0.09800572811453082,0.4931076777897002,0.41071087498596576,0.3146418064590846,0.1702676295157634,0.3347677246863774,3.7772307534878298,8.22276924651217,0.7279833333527692,2.230568423574759,11.999263043118283,2.9584225081188955,-0.7912791155842955,Negative Reinforcement,2,3,337.4827716933516,0.11421698664796458,Good Visuals,16,0.5452665557068643
198,4.910024613111267,0.08569609585275233,0.460571238873968,0.3972292655567726,0.2518036511223981,0.22359794832354596,0.2718631592392585,12.30726549680621,12.54726549680621,2.0059931940185365,2.064916904908447,24.857090414830402,4.071008414344418,-0.25068824155946173,Positive Reinforcement,1,0,336.59649774491214,0.15952665120833467,Good Visuals,16,0.47969759174886095
199,5.221997937336883,0.09114105753888115,0.4633133451485771,0.40172083230032235,0.24888359347236144,0.2050045724254602,0.2763411521872069,9.130052876429572,9.370052876429572,1.7220829249731535,1.7904825120507828,18.507669225632046,3.5126189482784866,-0.2871269813977836,Positive Reinforcement,1,1,335.36099166222965,0.15090335909195565,Good Visuals,16,0.4959357752132464
200,5.1491596302060065,0.08986978925786847,0.4608404547313232,0.38657178942460796,0.25020060551337137,0.2058864195278278,0.25669016072780126,8.663784140678242,8.903784140678242,1.676025181675398,1.7460524063565883,17.564939393088146,3.421969797334129,-0.30275382996541156,Positive Reinforcement,1,2,334.0908622664169,0.1494640341539689,Good Visuals,16,0.49664664664664665
201,5.830165563059543,0.10175558501177812,0.46520747598113205,0.34794056371370197,0.23999398582297676,0.19143169116011544,0.2686159536314108,5.735306440969593,5.975306440969593,1.354224603299687,1.4402165789853958,11.707861037804268,2.7941186948826235,-0.28570799365768856,Positive Reinforcement,1,3,332.61411363756156,0.14010283868472315,Good Visuals,16,0.4512856568903174
202,6.689799022699396,0.11675901924280334,0.6056319746023074,0.5734240386148444,0.0,0.4850205364066355,0.0,9.42726403392172,0.0,3.0703849973648327,0.0,9.42726403392172,3.0703849973648327,1.0,Manual Control,0,0,331.4329827818864,0.3580538856111005,Good Visuals,16,0.0
203,6.568793849445385,0.11464708055757465,0.5662790377973971,0.5475309381578041,0.0,0.47784330396253877,0.0,9.004360854648368,0.0,3.0007267210874713,0.0,9.004360854648368,3.0007267210874713,1.0,Manual Control,0,1,330.22018575003415,0.3554207667867244,Good Visuals,16,0.0
204,5.800278260790071,0.10123395318263705,0.6131911497829939,0.5013390810002554,0.2790678064040162,0.24741090368457433,0.2914112950891722,10.330700479068856,10.570700479068856,1.8343621403350328,1.8986831903193184,20.903840824862044,3.733077463395732,-0.25592195388037864,Positive Reinforcement,1,0,329.14150537553047,0.17788994581621226,Good Visuals,17,0.5575302589244676
205,6.207730401085054,0.10834533457508236,0.5793151748781723,0.43606632207450846,0.27033024104005765,0.26260114818042574,0.2997376635690555,8.390842743958654,8.631317393938712,1.649052575592965,1.720284590924098,17.02797365722794,3.3693362465345134,-0.27353569691553303,Positive Reinforcement,1,1,327.891057643961,0.1716241667519574,Good Visuals,17,0.5119090120875197
206,6.00968540822787,0.10488879738263587,0.5559275396777174,0.4566934330920341,0.1686452698763646,0.37574787546219907,0.16846018636921012,9.386430300020777,2.613569699979222,2.6420258642980547,0.4554284957806724,12.000062198907573,3.10699680368896,0.2078249706050881,Negative Reinforcement,2,2,326.7348931004433,0.2704414582731538,Good Visuals,17,0.47383661857346066
207,6.223261287502744,0.10861639967882433,0.5738066360965522,0.456189442452677,0.2002460664588273,0.39340990677502746,0.20939095712127181,8.74391436791371,3.2568760414485665,2.4175519675413466,0.5991268529497318,11.999891793084494,3.1243505040664754,0.13330898077796244,Negative Reinforcement,2,3,325.53000513167257,0.26366701635914475,Good Visuals,17,0.4750608272506083
208,5.843345530007735,0.10198561883032807,0.5894641943419084,0.4758601653734768,0.2784185255844164,0.24536584348800192,0.30185954047787117,10.435251118659508,10.674892081498632,1.84383873332949,1.9076970044615031,21.10957104662374,3.751461280701118,-0.2745647546298375,Positive Reinforcement,1,2,324.4869774241951,0.1748754502495501,Good Visuals,17,0.5229723514079828
209,5.779638960998078,0.1008737294459606,0.5577203094115649,0.4519181453749553,0.27135303057646026,0.24187031315913982,0.29972918433144474,10.121135110349956,10.36096891147842,1.815362562270588,1.880067196552748,20.48077766241353,3.6955114015447195,-0.24405518282617286,Positive Reinforcement,1,3,323.4186728960624,0.17436131134174007,Good Visuals,17,0.5120607884134836
210,7.057791729921221,0.12318170360715171,0.6550564488277955,0.616931498672663,0.0,0.5883183592070333,0.0,10.381356628779105,0.0,3.2220112707276822,0.0,10.381356628779105,3.2220112707276822,1.0,Manual Control,0,0,322.3808228312901,0.3994501124182817,Good Visuals,17,0.0
211,7.392032375267077,0.12901530336242756,0.6645323196679451,0.6175501484905495,0.0,0.6325832107332622,0.0,10.997909328720196,0.0,3.3163095948237697,0.0,10.997909328720196,3.3163095948237697,1.0,Manual Control,0,1,321.4089209000678,0.4201654354358373,Good Visuals,17,0.0
212,6.895950492155028,0.12035704114262863,0.6653081207463211,0.589222612625198,0.0,0.6130532545963104,0.0,12.14238366568193,0.0,3.484592324119125,0.0,12.14238366568193,3.484592324119125,1.0,Manual Control,0,2,320.5622290781836,0.4112033723213661,Good Visuals,17,0.0
213,6.799790428905491,0.11867873142999823,0.6571988061227415,0.5700468685802343,0.0,0.5666459027294095,0.0,11.98555523603209,0.0,3.462016065247451,0.0,11.98555523603209,3.462016065247451,1.0,Manual Control,0,3,319.7001182225709,0.405766326259717,Good Visuals,17,0.0
214,5.754600676589641,0.1004367289439826,0.5260836741462172,0.4478830250788145,0.1710746855046189,0.3679522099879325,0.1706052090751014,9.31547850459961,2.685095760096182,2.6175493877113745,0.470554279842537,11.999926776942944,3.098680916226848,0.19113281659988204,Negative Reinforcement,2,0,318.58543467633507,0.255203643810374,Good Visuals,17,0.46535556794566374
215,6.219316695846101,0.1085475535667692,0.5561011257588666,0.4512809349156959,0.1740665341626557,0.3857411878414579,0.1907942248792205,9.167990881641822,2.832009118358177,2.566432065375074,0.5025324005088596,11.999959598504073,3.0875068200587226,0.25558158566038236,Negative Reinforcement,2,1,317.4656083624112,0.27333885103953776,Good Visuals,17,0.4510351126446113
